PassengerId,Survived,Pclass,Name,Sex,Age,SibSp,Parch,Ticket,Fare,Cabin,NameLen
28,0,1,"Fortune, Mr. Charles Alexander",male,19.0,3,2,19950,263.0,C23 C25 C27,30
439,0,1,"Fortune, Mr. Mark",male,64.0,1,4,19950,263.0,C23 C25 C27,17
333,0,1,"Graham, Mr. George Edward",male,38.0,0,1,PC 17582,153.4625,C91,25
661,1,1,"Frauenthal, Dr. Henry William",male,50.0,2,0,PC 17611,133.65,,29
391,1,1,"Carter, Mr. William Ernest",male,36.0,1,2,113760,120.0,B96 B98,26
803,1,1,"Carter, Master. William Thornton II",male,11.0,1,2,113760,120.0,B96 B98,35
225,1,1,"Hoyt, Mr. Frederick Maxfield",male,38.0,1,0,19943,90.0,C93,28
63,0,1,"Harris, Mr. Henry Birkhardt",male,45.0,1,0,36973,83.475,C83,27
263,0,1,"Taussig, Mr. Emil",male,52.0,1,1,110413,79.65,E67,17
742,0,1,"Cavendish, Mr. Tyrell William",male,36.0,1,0,19877,78.85,C46,29
103,0,1,"White, Mr. Richard Frasar",male,21.0,0,1,35281,77.2875,D26,25
125,0,1,"White, Mr. Percival Wayland",male,54.0,0,1,35281,77.2875,D26,27
73,0,2,"Hood, Mr. Ambrose Jr",male,21.0,0,0,S.O.C. 14879,73.5,,20
121,0,2,"Hickman, Mr. Stanley George",male,21.0,2,0,S.O.C. 14879,73.5,,27
386,0,2,"Davies, Mr. Charles Henry",male,18.0,0,0,S.O.C. 14879,73.5,,25
656,0,2,"Hickman, Mr. Leonard Mark",male,24.0,2,0,S.O.C. 14879,73.5,,25
666,0,2,"Hickman, Mr. Lewis",male,32.0,2,0,S.O.C. 14879,73.5,,18
746,0,1,"Crosby, Capt. Edward Gifford",male,70.0,1,1,WE/P 5735,71.0,B22,28
337,0,1,"Pears, Mr. Thomas Clinton",male,29.0,1,0,113776,66.6,C2,25
93,0,1,"Chaffee, Mr. Herbert Fuller",male,46.0,1,0,W.E.P. 5734,61.175,E31,27
691,1,1,"Dick, Mr. Albert Adrian",male,31.0,1,0,17474,57.0,B20,23
75,1,3,"Bing, Mr. Lee",male,32.0,0,0,1601,56.4958,,13
170,0,3,"Ling, Mr. Lee",male,28.0,0,0,1601,56.4958,,13
510,1,3,"Lang, Mr. Fang",male,26.0,0,0,1601,56.4958,,14
839,1,3,"Chip, Mr. Chang",male,32.0,0,0,1601,56.4958,,15
435,0,1,"Silvey, Mr. William Baird",male,50.0,1,0,13507,55.9,E44,25
138,0,1,"Futrelle, Mr. Jacques Heath",male,37.0,1,0,113803,53.1,C123,27
725,1,1,"Chambers, Mr. Norman Campbell",male,27.0,1,0,113806,53.1,E8,29
749,0,1,"Marvin, Mr. Daniel Warner",male,19.0,1,0,113773,53.1,D30,25
249,1,1,"Beckwith, Mr. Richard Leonard",male,37.0,1,1,11751,52.5542,D35,29
622,1,1,"Kimball, Mr. Edwin Nelson Jr",male,42.0,1,0,11753,52.5542,D19,28
36,0,1,"Holverson, Mr. Alexander Oskar",male,42.0,1,0,113789,52.0,,30
111,0,1,"Porter, Mr. Walter Chamberlain",male,47.0,0,0,110465,52.0,C110,30
672,0,1,"Davidson, Mr. Thornton",male,31.0,1,0,F.C. 12750,52.0,B71,22
713,1,1,"Taylor, Mr. Elmer Zebley",male,48.0,1,0,19996,52.0,C126,24
7,0,1,"McCarthy, Mr. Timothy J",male,54.0,0,0,17463,51.8625,E46,23
868,0,1,"Roebling, Mr. Washington Augustus II",male,31.0,0,0,PC 17590,50.4958,A24,36
84,0,1,"Carrau, Mr. Francisco M",male,28.0,0,0,113059,47.1,,23
60,0,3,"Goodwin, Master. William Frederick",male,11.0,5,2,CA 2144,46.9,,34
684,0,3,"Goodwin, Mr. Charles Edward",male,14.0,5,2,CA 2144,46.9,,27
267,0,3,"Panula, Mr. Ernesti Arvid",male,16.0,4,1,3101295,39.6875,,25
687,0,3,"Panula, Mr. Jaako Arnold",male,14.0,4,1,3101295,39.6875,,24
685,0,2,"Brown, Mr. Thomas William Solomon",male,60.0,1,1,29750,39.0,,33
463,0,1,"Gee, Mr. Arthur H",male,47.0,0,0,111320,38.5,E63,17
146,0,2,"Nicholls, Mr. Joseph Charles",male,19.0,1,1,C.A. 33112,36.75,,28
24,1,1,"Sloper, Mr. William Thompson",male,28.0,0,0,113788,35.5,A6,28
340,0,1,"Blackwell, Mr. Stephen Weart",male,45.0,0,0,113784,35.5,T,28
87,0,3,"Ford, Mr. William Neal",male,16.0,1,3,W./C. 6608,34.375,,22
516,0,1,"Walker, Mr. William Anderson",male,47.0,0,0,36967,34.0208,D46,28
171,0,1,"Van der hoef, Mr. Wyckoff",male,61.0,0,0,111240,33.5,B19,25
849,0,2,"Harper, Rev. John",male,28.0,0,1,248727,33.0,,17
626,0,1,"Sutton, Mr. Frederick",male,61.0,0,0,36963,32.3208,D50,21
14,0,3,"Andersson, Mr. Anders Johan",male,39.0,1,5,347082,31.275,,27
450,1,1,"Peuchen, Major. Arthur Godfrey",male,52.0,0,0,113786,30.5,C104,30
493,0,1,"Molson, Mr. Harry Markland",male,55.0,0,0,113787,30.5,C30,26
608,1,1,"Daniel, Mr. Robert Williams",male,27.0,0,0,113804,30.5,,27
631,1,1,"Barkworth, Mr. Algernon Henry Wilson",male,80.0,0,0,27042,30.0,A23,36
783,0,1,"Long, Mr. Milton Clyde",male,29.0,0,0,113501,30.0,D6,22
332,0,1,"Partner, Mr. Austen",male,45.5,0,0,113043,28.5,C124,19
361,0,3,"Skoog, Mr. Wilhelm",male,40.0,1,4,347088,27.9,,18
451,0,2,"West, Mr. Edwy Arthur",male,36.0,1,2,C.A. 34651,27.75,,21
218,0,2,"Jacobsohn, Mr. Sidney Samuel",male,42.0,1,0,243847,27.0,,28
188,1,1,"Romaine, Mr. Charles Hallace (""Mr C Rolmane"")",male,45.0,0,0,111428,26.55,,45
253,0,1,"Stead, Mr. William Thomas",male,62.0,0,0,113514,26.55,C87,25
431,1,1,"Bjornstrom-Steffansson, Mr. Mauritz Hakan",male,28.0,0,0,110564,26.55,C52,41
448,1,1,"Seward, Mr. Frederic Kimber",male,34.0,0,0,113794,26.55,,27
457,0,1,"Millet, Mr. Francis Davis",male,65.0,0,0,13509,26.55,E38,25
461,1,1,"Anderson, Mr. Harry",male,48.0,0,0,19952,26.55,E12,19
468,0,1,"Smart, Mr. John Montgomery",male,56.0,0,0,113792,26.55,,26
537,0,1,"Butt, Major. Archibald Willingham",male,45.0,0,0,113050,26.55,B38,33
556,0,1,"Wright, Mr. George",male,62.0,0,0,113807,26.55,,18
695,0,1,"Weir, Col. John",male,60.0,0,0,113800,26.55,,15
858,1,1,"Daly, Mr. Peter Denis ",male,51.0,0,0,113055,26.55,E17,22
573,1,1,"Flynn, Mr. John Irwin (""Irving"")",male,36.0,0,0,PC 17474,26.3875,E25,32
513,1,1,"McGough, Mr. James Robert",male,36.0,0,0,PC 17473,26.2875,E25,25
702,1,1,"Silverthorne, Mr. Spencer Victor",male,35.0,0,0,PC 17475,26.2875,E24,32
708,1,1,"Calderhead, Mr. Edward Pennington",male,42.0,0,0,PC 17476,26.2875,E24,33
315,0,2,"Hart, Mr. Benjamin",male,43.0,1,1,F.C.C. 13529,26.25,,18
638,0,2,"Collyer, Mr. Harvey",male,31.0,1,1,C.A. 31921,26.25,,19
21,0,2,"Fynney, Mr. Joseph J",male,35.0,0,0,239865,26.0,,20
100,0,2,"Kantor, Mr. Sinai",male,34.0,1,0,244367,26.0,,17
149,0,2,"Navratil, Mr. Michel (""Louis M Hoffman"")",male,36.5,0,2,230080,26.0,F2,40
237,0,2,"Hold, Mr. Stephen",male,44.0,1,0,26707,26.0,,17
250,0,2,"Carter, Rev. Ernest Courtenay",male,54.0,1,0,244252,26.0,,29
398,0,2,"McKane, Mr. Peter David",male,46.0,0,0,28403,26.0,,23
544,1,2,"Beane, Mr. Edward",male,32.0,1,0,2908,26.0,,17
546,0,1,"Nicholson, Mr. Arthur Ernest",male,64.0,0,0,693,26.0,,28
552,0,2,"Sharp, Mr. Percival James R",male,27.0,0,0,244358,26.0,,27
583,0,2,"Downton, Mr. William James",male,54.0,0,0,28403,26.0,,26
595,0,2,"Chapman, Mr. John Henry",male,37.0,1,0,SC/AH 29037,26.0,,23
706,0,2,"Morley, Mr. Henry Samuel (""Mr Henry Marshall"")",male,39.0,0,0,250655,26.0,,46
729,0,2,"Bryhl, Mr. Kurt Arnold Gottfrid",male,25.0,1,0,236853,26.0,,31
792,0,2,"Gaskell, Mr. Alfred",male,16.0,0,0,239865,26.0,,19
663,0,1,"Colley, Mr. Edward Pomeroy",male,47.0,0,0,5727,25.5875,E58,26
566,0,3,"Davies, Mr. Alfred J",male,24.0,2,0,A/4 48871,24.15,,20
596,0,3,"Van Impe, Mr. Jean Baptiste",male,36.0,1,1,345773,24.15,,27
812,0,3,"Lester, Mr. James",male,39.0,0,0,A/4 48871,24.15,,17
509,0,3,"Olsen, Mr. Henry Margido",male,28.0,0,0,C 4001,22.525,,24
118,0,2,"Turpin, Mr. William John Robert",male,29.0,1,0,11668,21.0,,31
406,0,2,"Gale, Mr. Shadrach",male,34.0,1,0,28664,21.0,,18
477,0,2,"Renouf, Mr. Peter Henry",male,34.0,1,0,31027,21.0,,23
94,0,3,"Dean, Mr. Bertram Frank",male,26.0,1,2,C.A. 2315,20.575,,23
549,0,3,"Goldsmith, Mr. Frank John",male,33.0,1,1,363291,20.525,,25
747,0,3,"Abbott, Mr. Rossmore Edward",male,16.0,1,1,C.A. 2673,20.25,,27
425,0,3,"Rosblom, Mr. Viktor Richard",male,18.0,1,1,370129,20.2125,,27
334,0,3,"Vander Planke, Mr. Leo Edmondus",male,16.0,2,0,345764,18.0,,31
354,0,3,"Arnold-Franchi, Mr. Josef",male,25.0,1,0,349237,17.8,,25
161,0,3,"Cribb, Mr. John Hatfield",male,44.0,0,1,371362,16.1,,24
254,0,3,"Lobb, Mr. William Arthur",male,30.0,1,0,A/5. 3336,16.1,,24
625,0,3,"Bowen, Mr. David John ""Dai""",male,21.0,0,0,54636,16.1,,27
736,0,3,"Williams, Mr. Leslie",male,28.5,0,0,54636,16.1,,20
744,0,3,"McNamee, Mr. Neal",male,24.0,1,0,376566,16.1,,17
207,0,3,"Backstrom, Mr. Karl Alfred",male,32.0,1,0,3101278,15.85,,26
404,0,3,"Hakkarainen, Mr. Pekka Pietari",male,28.0,1,0,STON/O2. 3101279,15.85,,30
606,0,3,"Lindell, Mr. Edvard Bengtsson",male,36.0,1,0,349910,15.55,,29
587,0,2,"Jarvis, Mr. John Denzil",male,47.0,0,0,237565,15.0,,23
154,0,3,"van Billiard, Mr. Austin Blyler",male,40.5,0,2,A/5. 851,14.5,,31
576,0,3,"Patchett, Mr. George",male,19.0,0,0,358585,14.5,,20
617,0,3,"Danbom, Mr. Ernst Gilbert",male,34.0,1,1,347080,14.4,,25
861,0,3,"Hansen, Mr. Claus Peter",male,41.0,2,0,350026,14.1083,,23
318,0,2,"Moraweck, Dr. Ernest",male,54.0,0,0,29011,14.0,,20
233,0,2,"Sjostedt, Mr. Ernst Adolf",male,59.0,0,0,237442,13.5,,25
563,0,2,"Norman, Mr. Robert Douglas",male,28.0,0,0,218629,13.5,,26
696,0,2,"Chapman, Mr. Charles Henry",male,52.0,0,0,248731,13.5,,26
22,1,2,"Beesley, Mr. Lawrence",male,34.0,0,0,248698,13.0,D56,21
135,0,2,"Sobey, Mr. Samuel James Hayden",male,25.0,0,0,C.A. 29178,13.0,,30
150,0,2,"Byles, Rev. Thomas Roussel Davids",male,42.0,0,0,244310,13.0,,33
179,0,2,"Hale, Mr. Reginald",male,30.0,0,0,250653,13.0,,18
192,0,2,"Carbines, Mr. William",male,19.0,0,0,28424,13.0,,21
214,0,2,"Givard, Mr. Hans Kristensen",male,30.0,0,0,250646,13.0,,27
222,0,2,"Bracken, Mr. James H",male,27.0,0,0,220367,13.0,,20
229,0,2,"Fahlstrom, Mr. Arne Jonas",male,18.0,0,0,236171,13.0,,25
289,1,2,"Hosono, Mr. Masabumi",male,42.0,0,0,237798,13.0,,20
343,0,2,"Collander, Mr. Erik Gustaf",male,28.0,0,0,248740,13.0,,26
344,0,2,"Sedgwick, Mr. Charles Frederick Waddington",male,25.0,0,0,244361,13.0,,42
345,0,2,"Fox, Mr. Stanley Hubert",male,36.0,0,0,229236,13.0,,23
419,0,2,"Matthews, Mr. William John",male,30.0,0,0,28228,13.0,,26
464,0,2,"Milling, Mr. Jacob Christian",male,48.0,0,0,234360,13.0,,28
659,0,2,"Eitemiller, Mr. George Floyd",male,23.0,0,0,29751,13.0,,28
667,0,2,"Butler, Mr. Reginald Fenton",male,25.0,0,0,234686,13.0,,27
674,1,2,"Wilhelms, Mr. Charles",male,31.0,0,0,244270,13.0,,21
715,0,2,"Greenberg, Mr. Samuel",male,52.0,0,0,250647,13.0,,21
723,0,2,"Gillespie, Mr. William Henry",male,34.0,0,0,12233,13.0,,28
724,0,2,"Hodges, Mr. Henry Price",male,50.0,0,0,250643,13.0,,23
734,0,2,"Berriman, Mr. William John",male,23.0,0,0,28425,13.0,,26
735,0,2,"Troupiansky, Mr. Moses Aaron",male,23.0,0,0,233639,13.0,,28
796,0,2,"Otter, Mr. Richard",male,39.0,0,0,28213,13.0,,18
801,0,2,"Ponesell, Mr. Martin",male,34.0,0,0,250647,13.0,,20
809,0,2,"Meyer, Mr. August",male,39.0,0,0,248723,13.0,,17
865,0,2,"Gill, Mr. John William",male,24.0,0,0,233866,13.0,,22
887,0,2,"Montvila, Rev. Juozas",male,27.0,0,0,211536,13.0,,21
151,0,2,"Bateman, Rev. Robert James",male,51.0,0,0,S.O.P. 1166,12.525,,26
240,0,2,"Hunt, Mr. George Henry",male,33.0,0,0,SCO/W 1585,12.275,,22
145,0,2,"Andrew, Mr. Edgardo Samuel",male,18.0,0,0,231945,11.5,,26
530,0,2,"Hocking, Mr. Richard George",male,23.0,2,1,29104,11.5,,27
758,0,2,"Bailey, Mr. Percy Andrew",male,18.0,0,0,29108,11.5,,24
862,0,2,"Giles, Mr. Frederick Edward",male,21.0,1,0,28134,11.5,,27
34,0,2,"Wheadon, Mr. Edward H",male,66.0,0,0,C.A. 24579,10.5,,21
71,0,2,"Jenkin, Mr. Stephen Curnow",male,32.0,0,0,C.A. 33111,10.5,,26
220,0,2,"Harris, Mr. Walter",male,30.0,0,0,W/C 14208,10.5,,18
227,1,2,"Mellors, Mr. William John",male,19.0,0,0,SW/PP 751,10.5,,25
235,0,2,"Leyson, Mr. Robert William Norman",male,24.0,0,0,C.A. 29566,10.5,,33
239,0,2,"Pengelly, Mr. Frederick William",male,19.0,0,0,28665,10.5,,31
243,0,2,"Coleridge, Mr. Reginald Charles",male,29.0,0,0,W./C. 14263,10.5,,31
266,0,2,"Reeves, Mr. David",male,36.0,0,0,C.A. 17248,10.5,,17
399,0,2,"Pain, Dr. Alfred",male,23.0,0,0,244278,10.5,,16
440,0,2,"Kvillner, Mr. Johan Henrik Johannesson",male,31.0,0,0,C.A. 18723,10.5,,38
571,1,2,"Harris, Mr. George",male,62.0,0,0,S.W./PP 752,10.5,,18
620,0,2,"Gavey, Mr. Lawrence",male,26.0,0,0,31028,10.5,,19
673,0,2,"Mitchell, Mr. Henry Michael",male,70.0,0,0,C.A. 24580,10.5,,27
813,0,2,"Slemen, Mr. Richard James",male,35.0,0,0,28206,10.5,,25
842,0,2,"Mudd, Mr. Thomas Charles",male,16.0,0,0,S.O./P.P. 3,10.5,,24
884,0,2,"Banfield, Mr. Frederick James",male,28.0,0,0,C.A./SOTON 34068,10.5,,29
688,0,3,"Dakic, Mr. Branko",male,19.0,0,0,349228,10.1708,,17
877,0,3,"Gustafsson, Mr. Alfred Ossian",male,20.0,0,0,7534,9.8458,,29
82,1,3,"Sheerlinck, Mr. Jan Baptist",male,29.0,0,0,345779,9.5,,27
201,0,3,"Vande Walle, Mr. Nestor Cyriel",male,28.0,0,0,345770,9.5,,30
283,0,3,"de Pelsmaeker, Mr. Alfons",male,16.0,0,0,345778,9.5,,25
287,1,3,"de Mulder, Mr. Theodore",male,30.0,0,0,345774,9.5,,23
356,0,3,"Vanden Steen, Mr. Leo Peter",male,28.0,0,0,345783,9.5,,27
442,0,3,"Hampe, Mr. Leon",male,20.0,0,0,345769,9.5,,15
753,0,3,"Vande Velde, Mr. Johannes Joseph",male,33.0,0,0,345780,9.5,,32
771,0,3,"Lievens, Mr. Rene Aime",male,24.0,0,0,345781,9.5,,22
714,0,3,"Larsson, Mr. August Viktor",male,29.0,0,0,7545,9.4833,,26
226,0,3,"Berglund, Mr. Karl Ivar Sven",male,22.0,0,0,PP 4348,9.35,,28
351,0,3,"Odahl, Mr. Nils Martin",male,23.0,0,0,7267,9.225,,22
683,0,3,"Olsvigen, Mr. Thor Anderson",male,20.0,0,0,6563,9.225,,27
139,0,3,"Osen, Mr. Olaf Elon",male,16.0,0,0,7534,9.2167,,19
81,0,3,"Waelens, Mr. Achille",male,22.0,0,0,345767,9.0,,20
874,0,3,"Vander Cruyssen, Mr. Victor",male,47.0,0,0,345765,9.0,,27
70,0,3,"Kink, Mr. Vincenz",male,26.0,2,0,315151,8.6625,,17
164,0,3,"Calic, Mr. Jovo",male,17.0,0,0,315093,8.6625,,15
350,0,3,"Dimic, Mr. Jovan",male,42.0,0,0,315088,8.6625,,16
472,0,3,"Cacic, Mr. Luka",male,38.0,0,0,315089,8.6625,,15
501,0,3,"Calic, Mr. Petar",male,17.0,0,0,315086,8.6625,,16
726,0,3,"Oreskovic, Mr. Luka",male,20.0,0,0,315094,8.6625,,19
822,1,3,"Lulic, Mr. Nikola",male,27.0,0,0,315098,8.6625,,17
837,0,3,"Pasic, Mr. Jakob",male,21.0,0,0,315097,8.6625,,16
845,0,3,"Culumovic, Mr. Jeso",male,17.0,0,0,315090,8.6625,,19
104,0,3,"Johansson, Mr. Gustaf Joel",male,33.0,0,0,7540,8.6542,,26
653,0,3,"Kalvik, Mr. Johannes Halvorsen",male,21.0,0,0,8475,8.4333,,30
198,0,3,"Olsen, Mr. Karl Siegwart Andreas",male,42.0,0,1,4579,8.4042,,32
770,0,3,"Gronnestad, Mr. Daniel Danielsen",male,32.0,0,0,8471,8.3625,,32
835,0,3,"Allum, Mr. Owen George",male,18.0,0,0,2223,8.3,,22
68,0,3,"Crease, Mr. Ernest James",male,19.0,0,0,S.P. 3464,8.1583,,24
5,0,3,"Allen, Mr. William Henry",male,35.0,0,0,373450,8.05,,24
13,0,3,"Saundercock, Mr. William Henry",male,20.0,0,0,A/5. 2151,8.05,,30
38,0,3,"Cann, Mr. Ernest Charles",male,21.0,0,0,A./5. 2152,8.05,,24
90,0,3,"Celotti, Mr. Francesco",male,24.0,0,0,343275,8.05,,22
91,0,3,"Christmann, Mr. Emil",male,29.0,0,0,343276,8.05,,20
113,0,3,"Barton, Mr. David John",male,22.0,0,0,324669,8.05,,22
153,0,3,"Meo, Mr. Alfonzo",male,55.5,0,0,A.5. 11206,8.05,,16
158,0,3,"Corn, Mr. Harry",male,30.0,0,0,SOTON/OQ 392090,8.05,,15
205,1,3,"Cohen, Mr. Gurshon ""Gus""",male,18.0,0,0,A/5 3540,8.05,,24
221,1,3,"Sunderland, Mr. Victor Francis",male,16.0,0,0,SOTON/OQ 392089,8.05,,30
223,0,3,"Green, Mr. George Henry",male,51.0,0,0,21440,8.05,,23
284,1,3,"Dorking, Mr. Edward Arthur",male,19.0,0,0,A/5. 10482,8.05,,26
339,1,3,"Dahl, Mr. Karl Edwart",male,45.0,0,0,7598,8.05,,21
373,0,3,"Beavan, Mr. William Thomas",male,19.0,0,0,323951,8.05,,26
402,0,3,"Adams, Mr. John",male,26.0,0,0,341826,8.05,,15
430,1,3,"Pickard, Mr. Berk (Berk Trembisky)",male,32.0,0,0,SOTON/O.Q. 392078,8.05,E10,34
462,0,3,"Morley, Mr. William",male,34.0,0,0,364506,8.05,,19
483,0,3,"Rouse, Mr. Richard Henry",male,50.0,0,0,A/5 3594,8.05,,24
489,0,3,"Somerton, Mr. Francis William",male,30.0,0,0,A.5. 18509,8.05,,29
495,0,3,"Stanley, Mr. Edward Roland",male,21.0,0,0,A/4 45380,8.05,,26
575,0,3,"Rush, Mr. Alfred George John",male,16.0,0,0,A/4. 20589,8.05,,28
589,0,3,"Gilinski, Mr. Eliezer",male,22.0,0,0,14973,8.05,,21
604,0,3,"Torber, Mr. Ernst William",male,44.0,0,0,364511,8.05,,25
615,0,3,"Brocklebank, Mr. William Alfred",male,35.0,0,0,364512,8.05,,31
669,0,3,"Cook, Mr. Jacob",male,43.0,0,0,A/5 3536,8.05,,15
677,0,3,"Sawyer, Mr. Frederick Charles",male,24.5,0,0,342826,8.05,,29
697,0,3,"Kelly, Mr. James",male,44.0,0,0,363592,8.05,,16
759,0,3,"Theobald, Mr. Thomas Leonard",male,34.0,0,0,363294,8.05,,28
815,0,3,"Tomlin, Mr. Ernest Portage",male,30.5,0,0,364499,8.05,,26
105,0,3,"Gustafsson, Mr. Anders Vilhelm",male,37.0,2,0,3101276,7.925,,30
116,0,3,"Pekoniemi, Mr. Edvard",male,21.0,0,0,STON/O 2. 3101294,7.925,,21
174,0,3,"Sivola, Mr. Antti Wilhelm",male,21.0,0,0,STON/O 2. 3101280,7.925,,25
383,0,3,"Tikkanen, Mr. Juho",male,32.0,0,0,STON/O 2. 3101293,7.925,,18
393,0,3,"Gustafsson, Mr. Johan Birger",male,28.0,2,0,3101277,7.925,,28
401,1,3,"Niskanen, Mr. Juha",male,39.0,0,0,STON/O 2. 3101289,7.925,,18
415,1,3,"Sundman, Mr. Johan Julian",male,44.0,0,0,STON/O 2. 3101269,7.925,,25
529,0,3,"Salonen, Mr. Johan Werner",male,39.0,0,0,3101296,7.925,,25
580,1,3,"Jussila, Mr. Eiriik",male,32.0,0,0,STON/O 2. 3101286,7.925,,19
637,0,3,"Leinonen, Mr. Antti Gustaf",male,32.0,0,0,STON/O 2. 3101292,7.925,,26
665,1,3,"Lindqvist, Mr. Eino William",male,20.0,1,0,STON/O 2. 3101285,7.925,,27
745,1,3,"Stranden, Mr. Juho",male,31.0,0,0,STON/O 2. 3101288,7.925,,18
841,0,3,"Alhomaki, Mr. Ilmari Rudolf",male,20.0,0,0,SOTON/O2 3101287,7.925,,27
106,0,3,"Mionoff, Mr. Stoytcho",male,28.0,0,0,349207,7.8958,,21
109,0,3,"Rekic, Mr. Tido",male,38.0,0,0,349249,7.8958,,15
190,0,3,"Turcin, Mr. Stjepan",male,36.0,0,0,349247,7.8958,,19
288,0,3,"Naidenoff, Mr. Penko",male,22.0,0,0,349206,7.8958,,20
295,0,3,"Mineff, Mr. Ivan",male,24.0,0,0,349233,7.8958,,16
314,0,3,"Hendekovic, Mr. Ignjac",male,28.0,0,0,349243,7.8958,,22
322,0,3,"Danoff, Mr. Yoto",male,27.0,0,0,349219,7.8958,,16
520,0,3,"Pavlovic, Mr. Stefo",male,32.0,0,0,349242,7.8958,,19
522,0,3,"Vovk, Mr. Janko",male,22.0,0,0,349252,7.8958,,15
562,0,3,"Sivic, Mr. Husein",male,40.0,0,0,349251,7.8958,,17
567,0,3,"Stoytcheff, Mr. Ilia",male,19.0,0,0,349205,7.8958,,20
607,0,3,"Karaic, Mr. Milan",male,30.0,0,0,349246,7.8958,,17
629,0,3,"Bostandyeff, Mr. Guentcho",male,26.0,0,0,349224,7.8958,,25
647,0,3,"Cor, Mr. Liudevit",male,19.0,0,0,349231,7.8958,,17
754,0,3,"Jonkoff, Mr. Lalio",male,23.0,0,0,349204,7.8958,,18
795,0,3,"Dantcheff, Mr. Ristiu",male,25.0,0,0,349203,7.8958,,21
871,0,3,"Balkic, Mr. Cerin",male,26.0,0,0,349248,7.8958,,17
878,0,3,"Petroff, Mr. Nedelio",male,19.0,0,0,349212,7.8958,,20
882,0,3,"Markun, Mr. Johann",male,33.0,0,0,349257,7.8958,,18
811,0,3,"Alexander, Mr. William",male,26.0,0,0,3474,7.8875,,22
423,0,3,"Zimmerman, Mr. Leo",male,29.0,0,0,315082,7.875,,18
92,0,3,"Andreasson, Mr. Paul Edvin",male,20.0,0,0,347466,7.8542,,26
176,0,3,"Klasen, Mr. Klas Albin",male,18.0,1,1,350404,7.8542,,22
282,0,3,"Olsson, Mr. Nils Johan Goransson",male,28.0,0,0,347464,7.8542,,32
570,1,3,"Jonsson, Mr. Carl",male,32.0,0,0,350417,7.8542,,17
624,0,3,"Hansen, Mr. Henry Damsgaard",male,21.0,0,0,350029,7.8542,,27
641,0,3,"Jensen, Mr. Hans Peder",male,20.0,0,0,350050,7.8542,,22
705,0,3,"Hansen, Mr. Henrik Juul",male,26.0,1,0,350025,7.8542,,23
772,0,3,"Jensen, Mr. Niels Peder",male,48.0,0,0,350047,7.8542,,23
834,0,3,"Augustsson, Mr. Albert",male,23.0,0,0,347468,7.8542,,22
52,0,3,"Nosworthy, Mr. Richard Cater",male,21.0,0,0,A/4. 39886,7.8,,28
147,1,3,"Andersson, Mr. August Edvard (""Wennerstrom"")",male,27.0,0,0,350043,7.7958,,44
392,1,3,"Jansson, Mr. Carl Olof",male,21.0,0,0,350034,7.7958,,22
396,0,3,"Johansson, Mr. Erik",male,22.0,0,0,350052,7.7958,,19
500,0,3,"Svensson, Mr. Olof",male,24.0,0,0,350035,7.7958,,18
689,0,3,"Fischer, Mr. Eberhard Thelander",male,18.0,0,0,350036,7.7958,,31
757,0,3,"Carlsson, Mr. August Sigfrid",male,28.0,0,0,350042,7.7958,,28
163,0,3,"Bengtsson, Mr. John Viktor",male,26.0,0,0,347068,7.775,,26
232,0,3,"Larsson, Mr. Bengt Edvin",male,29.0,0,0,347067,7.775,,24
268,1,3,"Persson, Mr. Ernst Ulrik",male,25.0,1,0,347083,7.775,,24
380,0,3,"Gustafsson, Mr. Karl Gideon",male,19.0,0,0,347069,7.775,,27
409,0,3,"Birkeland, Mr. Hans Martin Monsen",male,21.0,0,0,312992,7.775,,33
443,0,3,"Petterson, Mr. Johan Emil",male,25.0,1,0,347076,7.775,,25
676,0,3,"Edvardsson, Mr. Gustaf Hjalmar",male,18.0,0,0,349912,7.775,,30
720,0,3,"Johnson, Mr. Malkolm Joackim",male,33.0,0,0,347062,7.775,,28
765,0,3,"Eklund, Mr. Hans Linus",male,16.0,0,0,347074,7.775,,22
806,0,3,"Johansson, Mr. Karl Johan",male,31.0,0,0,347063,7.775,,25
852,0,3,"Svensson, Mr. Johan",male,74.0,0,0,347060,7.775,,19
407,0,3,"Widegren, Mr. Carl/Charles Peter",male,51.0,0,0,347064,7.75,,32
776,0,3,"Myhrman, Mr. Pehr Fabian Oliver Malkolm",male,18.0,0,0,347078,7.75,,39
76,0,3,"Moen, Mr. Sigurd Hansen",male,25.0,0,0,348123,7.65,F G73,23
700,0,3,"Humblen, Mr. Adolf Mathias Nicolai Olsen",male,42.0,0,0,348121,7.65,F G63,40
716,0,3,"Soholt, Mr. Peter Andreas Lauritz Andersen",male,19.0,0,0,348124,7.65,F G73,42
846,0,3,"Abbing, Mr. Anthony",male,42.0,0,0,C.A. 5547,7.55,,19
479,0,3,"Karlsson, Mr. Nils August",male,22.0,0,0,350060,7.5208,,25
515,0,3,"Coleff, Mr. Satio",male,24.0,0,0,349209,7.4958,,17
664,0,3,"Coleff, Mr. Peju",male,36.0,0,0,349210,7.4958,,16
1,0,3,"Braund, Mr. Owen Harris",male,22.0,1,0,A/5 21171,7.25,,23
95,0,3,"Coxon, Mr. Daniel",male,59.0,0,0,364500,7.25,,17
213,0,3,"Perkin, Mr. John Henry",male,22.0,0,0,A/5 21174,7.25,,22
228,0,3,"Lovell, Mr. John Hall (""Henry"")",male,20.5,0,0,A/5 21173,7.25,,31
321,0,3,"Dennis, Mr. Samuel",male,22.0,0,0,A/5 21172,7.25,,18
366,0,3,"Adahl, Mr. Mauritz Nils Martin",male,30.0,0,0,C 7076,7.25,,30
492,0,3,"Windelov, Mr. Einar",male,21.0,0,0,SOTON/OQ 3101317,7.25,,19
593,0,3,"Elsbury, Mr. William James",male,47.0,0,0,A/5 3902,7.25,,26
786,0,3,"Harmer, Mr. Abraham (David Lishin)",male,25.0,0,0,374887,7.25,,34
128,1,3,"Madsen, Mr. Fridtjof Arne",male,24.0,0,0,C 17369,7.1417,,25
244,0,3,"Maenpaa, Mr. Matti Alexanteri",male,22.0,0,0,STON/O 2. 3101275,7.125,,29
434,0,3,"Kallio, Mr. Nikolai Erland",male,17.0,0,0,STON/O 2. 3101274,7.125,,26
591,0,3,"Rintamaki, Mr. Matti",male,35.0,0,0,STON/O 2. 3101273,7.125,,20
762,0,3,"Nirva, Mr. Iisakki Antino Aijo",male,41.0,0,0,SOTON/O2 3101272,7.125,,30
632,0,3,"Lundahl, Mr. Johan Svensson",male,51.0,0,0,347743,7.0542,,27
722,0,3,"Jensen, Mr. Svend Lauritz",male,17.0,1,0,350048,7.0542,,25
132,0,3,"Coelho, Mr. Domingos Fernandeo",male,20.0,0,0,SOTON/O.Q. 3101307,7.05,,30
211,0,3,"Ali, Mr. Ahmed",male,24.0,0,0,SOTON/O.Q. 3101311,7.05,,14
364,0,3,"Asim, Mr. Adola",male,35.0,0,0,SOTON/O.Q. 3101310,7.05,,15
466,0,3,"Goncalves, Mr. Manuel Estanslas",male,38.0,0,0,SOTON/O.Q. 3101306,7.05,,31
785,0,3,"Ali, Mr. William",male,25.0,0,0,SOTON/O.Q. 3101312,7.05,,16
885,0,3,"Sutehall, Mr. Henry Jr",male,25.0,0,0,SOTON/OQ 392076,7.05,,22
478,0,3,"Braund, Mr. Lewis Richard",male,29.0,1,0,3460,7.0458,,25
130,0,3,"Ekstrom, Mr. Johan",male,45.0,0,0,347061,6.975,,18
805,1,3,"Hedman, Mr. Oskar Arvid",male,27.0,0,0,347089,6.975,,23
203,0,3,"Johanson, Mr. Jakob Alfred",male,34.0,0,0,3101264,6.4958,,26
372,0,3,"Wiklund, Mr. Jakob Alfred",male,18.0,1,0,3101267,6.4958,,25
819,0,3,"Holm, Mr. John Fredrik Alexander",male,43.0,0,0,C 7075,6.45,,32
327,0,3,"Nysveen, Mr. Johan Hansen",male,61.0,0,0,345364,6.2375,,25
873,0,1,"Carlsson, Mr. Frans Olof",male,33.0,0,0,695,5.0,B51 B53 B55,24
180,0,3,"Leonard, Mr. Lionel",male,36.0,0,0,LINE,0.0,,19
264,0,1,"Harrison, Mr. William",male,40.0,0,0,112059,0.0,B94,21
272,1,3,"Tornquist, Mr. William Henry",male,25.0,0,0,LINE,0.0,,28
303,0,3,"Johnson, Mr. William Cahoone Jr",male,19.0,0,0,LINE,0.0,,31
598,0,3,"Johnson, Mr. Alfred",male,49.0,0,0,LINE,0.0,,19
807,0,1,"Andrews, Mr. Thomas Jr",male,39.0,0,0,112050,0.0,A36,22
823,0,1,"Reuchlin, Jonkheer. John George",male,38.0,0,0,19972,0.0,,31
89,1,1,"Fortune, Miss. Mabel Helen",female,23.0,3,2,19950,263.0,C23 C25 C27,26
342,1,1,"Fortune, Miss. Alice Elizabeth",female,24.0,3,2,19950,263.0,C23 C25 C27,30
690,1,1,"Madill, Miss. Georgette Alexandra",female,15.0,0,1,24160,211.3375,B5,33
731,1,1,"Allen, Miss. Elisabeth Walton",female,29.0,0,0,24160,211.3375,B5,29
780,1,1,"Robert, Mrs. Edward Scott (Elisabeth Walton McMillan)",female,43.0,0,1,24160,211.3375,B3,53
319,1,1,"Wick, Miss. Mary Natalie",female,31.0,0,2,36928,164.8667,C7,24
857,1,1,"Wick, Mrs. George Dennick (Mary Hitchcock)",female,45.0,1,1,36928,164.8667,,42
269,1,1,"Graham, Mrs. William Thompson (Edith Junkins)",female,58.0,0,1,PC 17582,153.4625,C125,45
610,1,1,"Shutes, Miss. Elizabeth W",female,40.0,0,0,PC 17582,153.4625,C125,25
499,0,1,"Allison, Mrs. Hudson J C (Bessie Waldo Daniels)",female,25.0,1,2,113781,151.55,C22 C26,47
709,1,1,"Cleaver, Miss. Alice",female,22.0,0,0,113781,151.55,,20
270,1,1,"Bissette, Miss. Amelia",female,35.0,0,0,PC 17760,135.6333,C99,22
436,1,1,"Carter, Miss. Lucile Polk",female,14.0,1,2,113760,120.0,B96 B98,25
764,1,1,"Carter, Mrs. William Ernest (Lucile Polk)",female,36.0,1,2,113760,120.0,B96 B98,41
521,1,1,"Perreault, Miss. Anne",female,30.0,0,0,12749,93.5,B73,21
821,1,1,"Hays, Mrs. Charles Melville (Clara Jennings Gregg)",female,52.0,1,1,12749,93.5,B69,50
487,1,1,"Hoyt, Mrs. Frederick Maxfield (Jane Anne Forby)",female,35.0,1,0,19943,90.0,C93,47
258,1,1,"Cherry, Miss. Gladys",female,30.0,0,0,110152,86.5,B77,20
505,1,1,"Maioni, Miss. Roberta",female,16.0,0,0,110152,86.5,B79,21
760,1,1,"Rothes, the Countess. of (Lucy Noel Martha Dyer-Edwards)",female,33.0,0,0,110152,86.5,B77,56
231,1,1,"Harris, Mrs. Henry Birkhardt (Irene Wallach)",female,35.0,1,0,36973,83.475,C83,44
559,1,1,"Taussig, Mrs. Emil (Tillie Mandelbaum)",female,39.0,1,1,110413,79.65,E67,38
586,1,1,"Taussig, Miss. Ruth",female,18.0,0,2,110413,79.65,E68,19
291,1,1,"Barber, Miss. Ellen ""Nellie""",female,26.0,0,0,19877,78.85,,28
276,1,1,"Andrews, Miss. Kornelia Theodosia",female,63.0,1,0,13502,77.9583,D7,33
628,1,1,"Longley, Miss. Gretchen Fiske",female,21.0,0,0,13502,77.9583,D9,29
766,1,1,"Hogeboom, Mrs. John C (Anna Andrews)",female,51.0,1,0,13502,77.9583,D11,36
541,1,1,"Crosby, Miss. Harriet R",female,36.0,0,2,WE/P 5735,71.0,B22,23
152,1,1,"Pears, Mrs. Thomas (Edith Wearne)",female,22.0,1,0,113776,66.6,C2,33
616,1,2,"Herman, Miss. Alice",female,24.0,1,2,220845,65.0,,19
755,1,2,"Herman, Mrs. Samuel (Jane Laver)",female,48.0,1,2,220845,65.0,,32
782,1,1,"Dick, Mrs. Albert Adrian (Vera Gillespie)",female,17.0,1,0,17474,57.0,B20,41
578,1,1,"Silvey, Mrs. William Baird (Alice Munger)",female,39.0,1,0,13507,55.9,E44,41
357,1,1,"Bowerman, Miss. Elsie Edith",female,22.0,0,1,113505,55.0,E33,27
4,1,1,"Futrelle, Mrs. Jacques Heath (Lily May Peel)",female,35.0,1,0,113803,53.1,C123,44
810,1,1,"Chambers, Mrs. Norman Campbell (Bertha Griggs)",female,33.0,1,0,113806,53.1,E8,46
872,1,1,"Beckwith, Mrs. Richard Leonard (Sallie Monypeny)",female,47.0,1,1,11751,52.5542,D35,48
384,1,1,"Holverson, Mrs. Alexander Oskar (Mary Aline Towner)",female,35.0,1,0,113789,52.0,,51
572,1,1,"Appleton, Mrs. Edward Dale (Charlotte Lamson)",female,53.0,2,0,11769,51.4792,C101,45
72,0,3,"Goodwin, Miss. Lillian Amy",female,16.0,5,2,CA 2144,46.9,,26
679,0,3,"Goodwin, Mrs. Frederick (Augusta Tyler)",female,43.0,1,6,CA 2144,46.9,,39
639,0,3,"Panula, Mrs. Juha (Maria Emilia Ojala)",female,41.0,0,5,3101295,39.6875,,38
854,1,1,"Lines, Miss. Mary Conover",female,16.0,0,1,PC 17592,39.4,D28,25
671,1,2,"Brown, Mrs. Thomas William Solomon (Elizabeth Catherine Ford)",female,40.0,1,1,29750,39.0,,61
437,0,3,"Ford, Miss. Doolina Margaret ""Daisy""",female,21.0,2,2,W./C. 6608,34.375,,36
737,0,3,"Ford, Mrs. Edward (Margaret Ann Watson)",female,48.0,1,3,W./C. 6608,34.375,,39
417,1,2,"Drew, Mrs. James Vivian (Lulu Thorne Christian)",female,34.0,1,1,28220,32.5,,47
26,1,3,"Asplund, Mrs. Carl Oscar (Selma Augusta Emilia Johansson)",female,38.0,1,5,347077,31.3875,,57
543,0,3,"Andersson, Miss. Sigrid Elisabeth",female,11.0,4,2,347082,31.275,,33
611,0,3,"Andersson, Mrs. Anders Johan (Alfrida Konstantia Brogren)",female,39.0,1,5,347082,31.275,,57
581,1,2,"Christy, Miss. Julie Rachel",female,25.0,1,1,237789,30.0,,27
888,1,1,"Graham, Miss. Margaret Edith",female,19.0,0,0,112053,30.0,B42,28
324,1,2,"Caldwell, Mrs. Albert Francis (Sylvia Mae Harbaugh)",female,22.0,1,1,248738,29.0,,51
168,0,3,"Skoog, Mrs. William (Anna Bernhardina Karlsson)",female,45.0,1,4,347088,27.9,,47
473,1,2,"West, Mrs. Edwy Arthur (Ada Mary Worth)",female,33.0,1,2,C.A. 34651,27.75,,39
601,1,2,"Jacobsohn, Mrs. Sidney Samuel (Amy Frances Christy)",female,24.0,2,1,243847,27.0,,51
12,1,1,"Bonnell, Miss. Elizabeth",female,58.0,0,0,113783,26.55,C103,24
137,1,1,"Newsom, Miss. Helen Monypeny",female,19.0,0,2,11752,26.2833,D47,28
441,1,2,"Hart, Mrs. Benjamin (Esther Ada Bloomfield)",female,45.0,1,1,F.C.C. 13529,26.25,,43
802,1,2,"Collyer, Mrs. Harvey (Charlotte Annie Tate)",female,31.0,1,1,C.A. 31921,26.25,,43
54,1,2,"Faunthorpe, Mrs. Lizzie (Elizabeth Anne Wilkinson)",female,29.0,1,0,2926,26.0,,50
134,1,2,"Weisz, Mrs. Leopold (Mathilde Francoise Pede)",female,29.0,1,0,228414,26.0,,45
260,1,2,"Parrish, Mrs. (Lutie Davis)",female,50.0,0,1,230433,26.0,,27
313,0,2,"Lahtinen, Mrs. William (Anna Sylfven)",female,26.0,1,1,250651,26.0,,37
317,1,2,"Kantor, Mrs. Sinai (Miriam Sternin)",female,24.0,1,0,244367,26.0,,35
427,1,2,"Clarke, Mrs. Charles V (Ada Maria Winfield)",female,28.0,1,0,2003,26.0,,43
428,1,2,"Phillips, Miss. Kate Florence (""Mrs Kate Louise Phillips Marshall"")",female,19.0,0,0,250655,26.0,,67
433,1,2,"Louch, Mrs. Charles Alexander (Alice Adelaide Slow)",female,42.0,1,0,SC/AH 3085,26.0,,51
507,1,2,"Quick, Mrs. Frederick Charles (Jane Richards)",female,33.0,0,2,26360,26.0,,45
519,1,2,"Angle, Mrs. William A (Florence ""Mary"" Agnes Hughes)",female,36.0,1,0,226875,26.0,,52
547,1,2,"Beane, Mrs. Edward (Ethel Clarke)",female,19.0,1,0,2908,26.0,,33
855,0,2,"Carter, Mrs. Ernest Courtenay (Lilian Hughes)",female,44.0,1,0,244252,26.0,,45
881,1,2,"Shelley, Mrs. William (Imanita Parrish Hall)",female,25.0,0,1,230433,26.0,,44
797,1,1,"Leader, Dr. Alice (Farnham)",female,49.0,0,0,17465,25.9292,D17,27
863,1,1,"Swift, Mrs. Frederick Joel (Margaret Welles Barron)",female,48.0,0,0,17466,25.9292,D17,51
800,0,3,"Van Impe, Mrs. Jean Baptiste (Rosalie Paula Govaert)",female,30.0,1,1,345773,24.15,,52
99,1,2,"Doling, Mrs. John T (Ada Julia Bone)",female,34.0,0,1,231919,23.0,,36
652,1,2,"Doling, Miss. Elsie",female,18.0,0,1,231919,23.0,,19
775,1,2,"Hocking, Mrs. Elizabeth (Eliza Needs)",female,54.0,1,3,29105,23.0,,37
568,0,3,"Palsson, Mrs. Nils (Alma Cornelia Berglund)",female,29.0,0,4,349909,21.075,,43
42,0,2,"Turpin, Mrs. William John Robert (Dorothy Ann Wonnacott)",female,27.0,1,0,11668,21.0,,56
212,1,2,"Cameron, Miss. Clear Annie",female,35.0,0,0,F.C.C. 13528,21.0,,26
727,1,2,"Renouf, Mrs. Peter Henry (Lillian Jefferys)",female,30.0,3,0,31027,21.0,,43
329,1,3,"Goldsmith, Mrs. Frank John (Emily Alice Brown)",female,31.0,1,1,363291,20.525,,46
280,1,3,"Abbott, Mrs. Stanton (Rosa Hunt)",female,35.0,1,1,C.A. 2673,20.25,,32
255,0,3,"Rosblom, Mrs. Viktor (Helena Wilhelmina)",female,41.0,0,2,370129,20.2125,,40
273,1,2,"Mellinger, Mrs. (Elizabeth Anne Maidment)",female,41.0,0,1,250644,19.5,,41
447,1,2,"Mellinger, Miss. Madeleine Violet",female,13.0,0,1,250644,19.5,,33
438,1,2,"Richards, Mrs. Sidney (Emily Hocking)",female,24.0,2,3,29106,18.75,,37
19,0,3,"Vander Planke, Mrs. Julius (Emelia Maria Vandemoortele)",female,31.0,1,0,345763,18.0,,55
39,0,3,"Vander Planke, Miss. Augusta Maria",female,18.0,2,0,345764,18.0,,34
50,0,3,"Arnold-Franchi, Mrs. Josef (Josefine Franchi)",female,18.0,1,0,349237,17.8,,45
560,1,3,"de Messemaeker, Mrs. Guillaume Joseph (Emma)",female,36.0,1,0,345572,17.4,,44
395,1,3,"Sandstrom, Mrs. Hjalmar (Agnes Charlotta Bengtsson)",female,24.0,0,2,PP 9549,16.7,G6,51
618,0,3,"Lobb, Mrs. William Arthur (Cordelia K Stanlick)",female,26.0,1,0,A/5. 3336,16.1,,47
16,1,2,"Hewlett, Mrs. (Mary D Kingcome) ",female,55.0,0,0,248706,16.0,,32
86,1,3,"Backstrom, Mrs. Karl Alfred (Maria Mathilda Gustafsson)",female,33.0,3,0,3101278,15.85,,55
143,1,3,"Hakkarainen, Mrs. Pekka Pietari (Elin Matilda Dolck)",female,24.0,1,0,STON/O2. 3101279,15.85,,52
162,1,2,"Watt, Mrs. James (Elizabeth ""Bessie"" Inglis Milne)",female,40.0,0,0,C.A. 33595,15.75,,50
133,0,3,"Robins, Mrs. Alexander A (Grace Charity Laury)",female,47.0,1,0,A/5. 3337,14.5,,46
248,1,2,"Hamalainen, Mrs. William (Anna)",female,24.0,0,2,250649,14.5,,31
424,0,3,"Danbom, Mrs. Ernst Gilbert (Anna Sigrid Maria Brogren)",female,28.0,1,1,347080,14.4,,54
707,1,2,"Kelly, Mrs. Florence ""Fannie""",female,45.0,0,0,223596,13.5,,29
124,1,2,"Webber, Miss. Susan",female,32.5,0,0,27267,13.0,E101,19
191,1,2,"Pinsky, Mrs. (Rosa)",female,32.0,0,0,234604,13.0,,19
200,0,2,"Yrois, Miss. Henriette (""Mrs Harbeck"")",female,24.0,0,0,248747,13.0,,38
328,1,2,"Ball, Mrs. (Ada E Hall)",female,36.0,0,0,28551,13.0,D,23
346,1,2,"Brown, Miss. Amelia ""Mildred""",female,24.0,0,0,248733,13.0,F33,29
347,1,2,"Smith, Miss. Marion Elsie",female,40.0,0,0,31418,13.0,,25
358,0,2,"Funk, Miss. Annie Clemmer",female,38.0,0,0,237671,13.0,,25
388,1,2,"Buss, Miss. Kate",female,36.0,0,0,27849,13.0,,16
418,1,2,"Silven, Miss. Lyyli Karoliina",female,18.0,0,2,250652,13.0,,29
444,1,2,"Reynaldo, Ms. Encarnacion",female,28.0,0,0,230434,13.0,,25
577,1,2,"Garside, Miss. Ethel",female,34.0,0,0,243880,13.0,,20
636,1,2,"Davis, Miss. Mary",female,28.0,0,0,237668,13.0,,17
748,1,2,"Sinkkonen, Miss. Anna",female,30.0,0,0,250648,13.0,,21
866,1,2,"Bystrom, Mrs. (Karolina)",female,42.0,0,0,236852,13.0,,24
400,1,2,"Trout, Mrs. William H (Jessie L)",female,28.0,0,0,240929,12.65,,32
80,1,3,"Dowdell, Miss. Elizabeth",female,30.0,0,0,364516,12.475,,24
824,1,3,"Moor, Mrs. (Beila)",female,27.0,0,1,392096,12.475,E121,18
9,1,3,"Johnson, Mrs. Oscar W (Elisabeth Vilhelmina Berg)",female,27.0,0,2,347742,11.1333,,49
883,0,3,"Dahlberg, Miss. Gerda Ulrika",female,22.0,0,0,7552,10.5167,,28
57,1,2,"Rugg, Miss. Emily",female,21.0,0,0,C.A. 31026,10.5,,17
67,1,2,"Nye, Mrs. (Elizabeth Ramell)",female,29.0,0,0,C.A. 29395,10.5,F33,28
85,1,2,"Ilett, Miss. Bertha",female,17.0,0,0,SO/C 14885,10.5,,19
459,1,2,"Toomey, Miss. Ellen",female,50.0,0,0,F.C.C. 13531,10.5,,19
517,1,2,"Lemore, Mrs. (Amelia Milley)",female,34.0,0,0,C.A. 34260,10.5,F33,28
527,1,2,"Ridsdale, Miss. Lucy",female,50.0,0,0,W./C. 14258,10.5,,20
718,1,2,"Troutt, Miss. Edwina Celia ""Winnie""",female,27.0,0,0,34218,10.5,E101,35
773,0,2,"Mack, Mrs. (Mary)",female,57.0,0,0,S.O./P.P. 3,10.5,E77,17
252,0,3,"Strom, Mrs. Wilhelm (Elna Matilda Persson)",female,29.0,1,1,347054,10.4625,G6,42
678,1,3,"Turja, Miss. Anna Sofia",female,18.0,0,0,4138,9.8417,,23
475,0,3,"Strandberg, Miss. Ida Sofia",female,22.0,0,0,7553,9.8375,,27
114,0,3,"Jussila, Miss. Katriina",female,20.0,1,0,4136,9.825,,23
403,0,3,"Jussila, Miss. Mari Aina",female,21.0,1,0,4137,9.825,,24
484,1,3,"Turkula, Mrs. (Hedwig)",female,63.0,0,0,4134,9.5875,,22
504,0,3,"Laitinen, Miss. Kristina Sofia",female,37.0,0,0,4135,9.5875,,30
41,0,3,"Ahlin, Mrs. Johan (Johanna Persdotter Larsson)",female,40.0,1,0,7546,9.475,,46
856,1,3,"Aks, Mrs. Sam (Leah Rosen)",female,18.0,0,1,392091,9.35,,26
294,0,3,"Haas, Miss. Aloisia",female,24.0,0,0,349236,8.85,,19
798,1,3,"Osman, Mrs. Mara",female,31.0,0,0,349244,8.6833,,16
405,0,3,"Oreskovic, Miss. Marija",female,20.0,0,0,315096,8.6625,,23
535,0,3,"Cacic, Miss. Marija",female,30.0,0,0,315084,8.6625,,19
3,1,3,"Heikkinen, Miss. Laina",female,26.0,0,0,STON/O2. 3101282,7.925,,22
69,1,3,"Andersson, Miss. Erna Alexandra",female,17.0,4,2,3101281,7.925,,31
217,1,3,"Honkanen, Miss. Eliina",female,27.0,0,0,STON/O2. 3101283,7.925,,22
730,0,3,"Ilmakangas, Miss. Pieta Sofia",female,25.0,1,0,STON/O2. 3101271,7.925,,29
817,0,3,"Heininen, Miss. Wendla Maria",female,23.0,0,0,STON/O2. 3101290,7.925,,28
101,0,3,"Petranec, Miss. Matilda",female,28.0,0,0,349245,7.8958,,23
15,0,3,"Vestrom, Miss. Hulda Amanda Adolfina",female,14.0,0,0,350406,7.8542,,36
193,1,3,"Andersen-Jensen, Miss. Carla Christine Nielsine",female,19.0,1,0,350046,7.8542,,47
316,1,3,"Nilsson, Miss. Helmina Josefina",female,26.0,0,0,347470,7.8542,,31
397,0,3,"Olsson, Miss. Elina",female,31.0,0,0,350407,7.8542,,19
247,0,3,"Lindahl, Miss. Agda Thorilda Viktoria",female,25.0,0,0,347071,7.775,,37
555,1,3,"Ohman, Miss. Velin",female,22.0,0,0,347085,7.775,,18
808,0,3,"Pettersson, Miss. Ellen Natalia",female,18.0,0,0,347087,7.775,,31
142,1,3,"Nysten, Miss. Anna Sofia",female,22.0,0,0,347081,7.75,,24
277,0,3,"Lindblom, Miss. Augusta Charlotta",female,45.0,0,0,347073,7.75,,33
107,1,3,"Salkjelsvik, Miss. Anna Kristine",female,21.0,0,0,343120,7.65,,32
650,1,3,"Stanley, Miss. Amy Zillah Elsie",female,23.0,0,0,CA. 2314,7.55,,31
787,1,3,"Sjoblom, Miss. Anna Sofia",female,18.0,0,0,3101265,7.4958,,25
377,1,3,"Landergren, Miss. Aurora Adelia",female,22.0,0,0,C 7077,7.25,,31
